{
  "precision_weight": 0.5,
  "complexity_penalty": 0.2,
  "learning_rate": 0.02,
  "average_free_energy_by_state": {
    "breath_control": 1.3202241478366539,
    "mind_wandering": 3.7560051608430616,
    "meta_awareness": 3.171567203006425,
    "redirect_breath": 2.4654054863452606
  },
  "average_prediction_error_by_state": {
    "breath_control": 0.6026879611999159,
    "mind_wandering": 1.9450341363650954,
    "meta_awareness": 1.9144548801035866,
    "redirect_breath": 1.4337453809612182
  },
  "average_precision_by_state": {
    "breath_control": 0.7664861096587811,
    "mind_wandering": 0.6880839926208663,
    "meta_awareness": 0.809381893711101,
    "redirect_breath": 0.7996282978639768
  },
  "network_expectations": {
    "breath_control": {
      "DMN": 0.3781791810655606,
      "VAN": 0.5846465425534603,
      "DAN": 0.7111153737232344,
      "FPN": 0.6857668390685394
    },
    "mind_wandering": {
      "DMN": 0.5727165609784447,
      "VAN": 0.6202582523614487,
      "DAN": 0.4491853624999067,
      "FPN": 0.5987881356785413
    },
    "meta_awareness": {
      "DMN": 0.3843904625543711,
      "VAN": 0.7567489530418341,
      "DAN": 0.551690745091195,
      "FPN": 0.6628716596153408
    },
    "redirect_breath": {
      "DMN": 0.3258818826135684,
      "VAN": 0.6064456769405939,
      "DAN": 0.6781873907703154,
      "FPN": 0.7107356524961572
    }
  }
}