{
  "precision_weight": 0.4,
  "complexity_penalty": 0.4,
  "learning_rate": 0.01,
  "average_free_energy_by_state": {
    "breath_control": 1.9983056670400159,
    "mind_wandering": 1.8382511097523073,
    "meta_awareness": 2.168907770604084,
    "redirect_breath": 1.819745631456964
  },
  "average_prediction_error_by_state": {
    "breath_control": 0.6741390082812826,
    "mind_wandering": 1.3846030864789183,
    "meta_awareness": 1.5621762531148344,
    "redirect_breath": 0.6945688499888799
  },
  "average_precision_by_state": {
    "breath_control": 0.6978452651035977,
    "mind_wandering": 0.607569833910078,
    "meta_awareness": 0.7597612105065459,
    "redirect_breath": 0.7392314091536522
  },
  "network_expectations": {
    "breath_control": {
      "DMN": 0.5306920629734898,
      "VAN": 0.5041031375530942,
      "DAN": 0.5988761012842543,
      "FPN": 0.6602818394105644
    },
    "mind_wandering": {
      "DMN": 0.6707104735685344,
      "VAN": 0.5045228874755968,
      "DAN": 0.38606868149601015,
      "FPN": 0.46031205852919294
    },
    "meta_awareness": {
      "DMN": 0.49349567557290924,
      "VAN": 0.6373944203250477,
      "DAN": 0.5026597671616813,
      "FPN": 0.5429448151133807
    },
    "redirect_breath": {
      "DMN": 0.4229343145543587,
      "VAN": 0.5021041433050291,
      "DAN": 0.6266085527954102,
      "FPN": 0.6178984413511347
    }
  }
}