{
  "precision_weight": 0.5,
  "complexity_penalty": 0.2,
  "learning_rate": 0.02,
  "average_free_energy_by_state": {
    "breath_control": 1.2791461834254276,
    "mind_wandering": 3.7481002612635037,
    "meta_awareness": 2.7266088450065693,
    "redirect_breath": 2.153374594044524
  },
  "average_prediction_error_by_state": {
    "breath_control": 0.5494786166225141,
    "mind_wandering": 2.0019216131524336,
    "meta_awareness": 1.7133804810521174,
    "redirect_breath": 1.189773155498067
  },
  "average_precision_by_state": {
    "breath_control": 0.7524531495907416,
    "mind_wandering": 0.6853158755099304,
    "meta_awareness": 0.7960823470291356,
    "redirect_breath": 0.7834536877789103
  },
  "network_expectations": {
    "breath_control": {
      "DMN": 0.40954176167737455,
      "VAN": 0.567760284729979,
      "DAN": 0.7188047984187715,
      "FPN": 0.6987633787585564
    },
    "mind_wandering": {
      "DMN": 0.5553475726606655,
      "VAN": 0.6128126181238789,
      "DAN": 0.4938650848638555,
      "FPN": 0.6144570641401272
    },
    "meta_awareness": {
      "DMN": 0.3793489863167518,
      "VAN": 0.7637592771501276,
      "DAN": 0.5388986107591788,
      "FPN": 0.6412922703576053
    },
    "redirect_breath": {
      "DMN": 0.2855008358558466,
      "VAN": 0.5708602998964866,
      "DAN": 0.6909499152164931,
      "FPN": 0.677642733368883
    }
  }
}