{
  "precision_weight": 0.4,
  "complexity_penalty": 0.4,
  "learning_rate": 0.01,
  "average_free_energy_by_state": {
    "breath_control": 2.040247940281703,
    "mind_wandering": 1.9891776772642138,
    "meta_awareness": 2.5996124693846436,
    "redirect_breath": 2.0495893106967853
  },
  "average_prediction_error_by_state": {
    "breath_control": 0.7076003173167611,
    "mind_wandering": 1.4538994658148152,
    "meta_awareness": 1.8091220543984818,
    "redirect_breath": 0.7718722091570819
  },
  "average_precision_by_state": {
    "breath_control": 0.6938570686418628,
    "mind_wandering": 0.6085690933549273,
    "meta_awareness": 0.7686611944879397,
    "redirect_breath": 0.745280333349157
  },
  "network_expectations": {
    "breath_control": {
      "DMN": 0.4439096768231353,
      "VAN": 0.4708431878762713,
      "DAN": 0.6566999288333102,
      "FPN": 0.5905956848992623
    },
    "mind_wandering": {
      "DMN": 0.6827703826539218,
      "VAN": 0.5141541989552936,
      "DAN": 0.3583311907363581,
      "FPN": 0.48616534167606085
    },
    "meta_awareness": {
      "DMN": 0.4532745929924675,
      "VAN": 0.6698818386020167,
      "DAN": 0.5176176808889691,
      "FPN": 0.5472919770890682
    },
    "redirect_breath": {
      "DMN": 0.38736115119704173,
      "VAN": 0.49980876134858304,
      "DAN": 0.6408443140419081,
      "FPN": 0.6093492505098204
    }
  }
}