{
  "precision_weight": 0.4,
  "complexity_penalty": 0.4,
  "learning_rate": 0.01,
  "average_free_energy_by_state": {
    "breath_control": 2.0722093621867694,
    "mind_wandering": 2.090327352002043,
    "meta_awareness": 2.1546130931318106,
    "redirect_breath": 1.8704751161215785
  },
  "average_prediction_error_by_state": {
    "breath_control": 0.7452607833193632,
    "mind_wandering": 1.4777330616000712,
    "meta_awareness": 1.6288542478536916,
    "redirect_breath": 0.8483699882748994
  },
  "average_precision_by_state": {
    "breath_control": 0.7015369559210786,
    "mind_wandering": 0.6083886992673353,
    "meta_awareness": 0.7657140416805027,
    "redirect_breath": 0.7424140824722946
  },
  "network_expectations": {
    "breath_control": {
      "DMN": 0.46090288066485746,
      "VAN": 0.46986191852279413,
      "DAN": 0.6606242015211785,
      "FPN": 0.6205181511289447
    },
    "mind_wandering": {
      "DMN": 0.7043359079535242,
      "VAN": 0.519761850205746,
      "DAN": 0.3807549945713861,
      "FPN": 0.5017690472298864
    },
    "meta_awareness": {
      "DMN": 0.42961043096051815,
      "VAN": 0.6622155286999858,
      "DAN": 0.5026319890701637,
      "FPN": 0.5218969555944059
    },
    "redirect_breath": {
      "DMN": 0.4040869401314378,
      "VAN": 0.49143293465993937,
      "DAN": 0.6286964360844041,
      "FPN": 0.6193953975512718
    }
  }
}